fuel_type,quantity,dif_ave,dif_ave_0,dif_total,dif_total_0
Battery,13085.9461,-485.323913251899,-376.323109961108,-6350922.56985543,-4924543.93313543
Black Coal,4642198.91151,-22.3935741105925,-16.2470834991261,-103955425.361011,-75422193.3348551
Brown Coal,18609239.28605,-10.9162496936962,-8.25357628271518,-203143102.656262,-153592776.010714
Gas,866970.17631,-95.3590176666553,-49.6954249777824,-82673424.3592085,-43084451.3547883
Hydro,12429658.62941,-80.7130694421787,-73.5292490106764,-1003235900.09815,-913943464.479591
Liquid Fuel,15132.15543,-560.124570002799,-144.353233644222,-8475892.05344427,-2184375.56832747
Solar,687197.21617,-83.2618318193229,88.8794411052514,-57217299.0394534,61077704.5022742
Wind,21274370.98186,-667.434390339647,-28.6739513778951,-14199246826.1372,-610020279.129155
